Date,topix,m10,asics,gree,mufj,tgas,toyota
2013/1/4,888.510 ,0.835 ,1378.000 ,1381.000 ,484.000 ,2030.000 ,4260.000 
2013/1/7,881.060 ,0.835 ,1343.000 ,1435.000 ,476.000 ,2050.000 ,4185.000 
2013/1/8,871.880 ,0.825 ,1333.000 ,1416.000 ,462.000 ,2070.000 ,4100.000 
2013/1/9,879.050 ,0.825 ,1366.000 ,1385.000 ,469.000 ,2075.000 ,4165.000 
2013/1/10,889.020 ,0.825 ,1370.000 ,1382.000 ,474.000 ,2065.000 ,4205.000 
2013/1/11,898.690 ,0.816 ,1396.000 ,1403.000 ,479.000 ,2065.000 ,4260.000 
2013/1/15,906.220 ,0.773 ,1334.000 ,1466.000 ,483.000 ,2115.000 ,4265.000 
2013/1/16,888.110 ,0.754 ,1295.000 ,1436.000 ,469.000 ,2140.000 ,4155.000 
2013/1/17,890.460 ,0.742 ,1287.000 ,1436.000 ,471.000 ,2170.000 ,4210.000 
2013/1/18,911.440 ,0.759 ,1307.000 ,1464.000 ,484.000 ,2170.000 ,4300.000 
2013/1/21,905.160 ,0.745 ,1275.000 ,1453.000 ,473.000 ,2165.000 ,4280.000 
2013/1/22,901.150 ,0.742 ,1272.000 ,1408.000 ,472.000 ,2150.000 ,4240.000 
2013/1/23,887.790 ,0.741 ,1293.000 ,1396.000 ,464.000 ,2155.000 ,4155.000 
2013/1/24,897.620 ,0.742 ,1283.000 ,1348.000 ,473.000 ,2145.000 ,4245.000 
2013/1/25,917.090 ,0.733 ,1286.000 ,1363.000 ,479.000 ,2170.000 ,4340.000 
2013/1/28,913.780 ,0.758 ,1292.000 ,1373.000 ,479.000 ,2175.000 ,4315.000 
2013/1/29,920.760 ,0.777 ,1290.000 ,1366.000 ,497.000 ,2175.000 ,4325.000 
2013/1/30,934.670 ,0.787 ,1302.000 ,1361.000 ,503.000 ,2150.000 ,4365.000 
2013/1/31,940.250 ,0.763 ,1301.000 ,1360.000 ,521.000 ,2155.000 ,4365.000 
2013/2/1,942.650 ,0.783 ,1284.000 ,1381.000 ,515.000 ,2160.000 ,4495.000 
2013/2/4,955.750 ,0.817 ,1296.000 ,1368.000 ,530.000 ,2135.000 ,4595.000 
2013/2/5,939.700 ,0.803 ,1295.000 ,1355.000 ,520.000 ,2115.000 ,4540.000 
2013/2/6,968.820 ,0.784 ,1295.000 ,1405.000 ,533.000 ,2190.000 ,4815.000 
2013/2/7,969.180 ,0.775 ,1265.000 ,1396.000 ,538.000 ,2175.000 ,4815.000 
2013/2/8,957.350 ,0.769 ,1259.000 ,1387.000 ,531.000 ,2170.000 ,4895.000 
2013/2/12,968.500 ,0.760 ,1275.000 ,1357.000 ,543.000 ,2200.000 ,4920.000 
2013/2/13,957.020 ,0.751 ,1268.000 ,1150.000 ,533.000 ,2170.000 ,4830.000 
2013/2/14,954.880 ,0.779 ,1304.000 ,1154.000 ,523.000 ,2155.000 ,4815.000 
2013/2/15,942.410 ,0.761 ,1366.000 ,1086.000 ,508.000 ,2170.000 ,4725.000 
2013/2/18,962.690 ,0.757 ,1343.000 ,1124.000 ,533.000 ,2230.000 ,4785.000 
2013/2/19,963.610 ,0.754 ,1408.000 ,1154.000 ,534.000 ,2210.000 ,4740.000 
2013/2/20,973.700 ,0.759 ,1451.000 ,1142.000 ,533.000 ,2285.000 ,4820.000 
2013/2/21,962.860 ,0.754 ,1408.000 ,1148.000 ,520.000 ,2240.000 ,4765.000 
2013/2/22,963.480 ,0.744 ,1403.000 ,1178.000 ,513.000 ,2245.000 ,4730.000 
2013/2/25,980.700 ,0.724 ,1439.000 ,1173.000 ,527.000 ,2265.000 ,4795.000 
2013/2/26,966.770 ,0.700 ,1433.000 ,1167.000 ,519.000 ,2235.000 ,4715.000 
2013/2/27,953.720 ,0.686 ,1429.000 ,1152.000 ,505.000 ,2210.000 ,4605.000 
2013/2/28,975.660 ,0.681 ,1456.000 ,1128.000 ,513.000 ,2240.000 ,4765.000 
2013/3/1,984.330 ,0.678 ,1439.000 ,1121.000 ,523.000 ,2330.000 ,4750.000 
2013/3/4,992.250 ,0.630 ,1477.000 ,1116.000 ,531.000 ,2395.000 ,4745.000 
2013/3/5,988.620 ,0.656 ,1458.000 ,1115.000 ,527.000 ,2370.000 ,4735.000 
2013/3/6,1003.220 ,0.662 ,1470.000 ,1117.000 ,535.000 ,2405.000 ,4830.000 
2013/3/7,1004.350 ,0.666 ,1469.000 ,1114.000 ,527.000 ,2440.000 ,4835.000 
2013/3/8,1020.500 ,0.647 ,1458.000 ,1103.000 ,535.000 ,2415.000 ,4910.000 
2013/3/11,1039.980 ,0.652 ,1531.000 ,1108.000 ,569.000 ,2430.000 ,5000.000 
2013/3/12,1035.900 ,0.632 ,1551.000 ,1170.000 ,566.000 ,2430.000 ,4960.000 
2013/3/13,1031.420 ,0.623 ,1522.000 ,1158.000 ,575.000 ,2420.000 ,4910.000 
2013/3/14,1038.170 ,0.618 ,1520.000 ,1149.000 ,580.000 ,2455.000 ,4950.000 
2013/3/15,1051.650 ,0.615 ,1522.000 ,1187.000 ,576.000 ,2500.000 ,5020.000 
2013/3/18,1028.340 ,0.585 ,1476.000 ,1208.000 ,558.000 ,2440.000 ,4850.000 
2013/3/19,1045.890 ,0.591 ,1561.000 ,1191.000 ,568.000 ,2495.000 ,4940.000 
2013/3/21,1058.100 ,0.577 ,1547.000 ,1184.000 ,577.000 ,2505.000 ,4990.000 
2013/3/22,1038.570 ,0.562 ,1518.000 ,1210.000 ,563.000 ,2500.000 ,4880.000 
2013/3/25,1047.290 ,0.558 ,1534.000 ,1230.000 ,572.000 ,2505.000 ,4920.000 
2013/3/26,1044.420 ,0.544 ,1576.000 ,1239.000 ,562.000 ,2540.000 ,4910.000 
2013/3/27,1046.470 ,0.519 ,1545.000 ,1203.000 ,564.000 ,2520.000 ,4900.000 
2013/3/28,1036.780 ,0.514 ,1548.000 ,1182.000 ,564.000 ,2540.000 ,4825.000 
2013/3/29,1034.710 ,0.564 ,1576.000 ,1163.000 ,558.000 ,2570.000 ,4860.000 
2013/4/1,1000.570 ,0.565 ,1476.000 ,1106.000 ,532.000 ,2475.000 ,4760.000 
2013/4/2,991.340 ,0.565 ,1474.000 ,1115.000 ,544.000 ,2465.000 ,4615.000 
2013/4/3,1010.430 ,0.555 ,1530.000 ,1096.000 ,548.000 ,2505.000 ,4790.000 
2013/4/4,1037.760 ,0.442 ,1584.000 ,1091.000 ,578.000 ,2585.000 ,4925.000 
2013/4/5,1066.240 ,0.534 ,1654.000 ,1124.000 ,607.000 ,2580.000 ,5090.000 
2013/4/8,1101.740 ,0.525 ,1687.000 ,1154.000 ,640.000 ,2605.000 ,5300.000 
2013/4/9,1102.040 ,0.531 ,1688.000 ,1151.000 ,624.000 ,2565.000 ,5270.000 
2013/4/10,1121.040 ,0.585 ,1793.000 ,1178.000 ,655.000 ,2585.000 ,5330.000 
2013/4/11,1147.290 ,0.555 ,1876.000 ,1181.000 ,672.000 ,2625.000 ,5640.000 
2013/4/12,1148.570 ,0.623 ,1808.000 ,1180.000 ,673.000 ,2640.000 ,5660.000 
2013/4/15,1133.990 ,0.648 ,1815.000 ,1172.000 ,663.000 ,2695.000 ,5540.000 
2013/4/16,1119.200 ,0.595 ,1818.000 ,1148.000 ,639.000 ,2715.000 ,5450.000 
2013/4/17,1136.010 ,0.604 ,1831.000 ,1176.000 ,656.000 ,2720.000 ,5550.000 
2013/4/18,1122.970 ,0.589 ,1781.000 ,1266.000 ,651.000 ,2705.000 ,5430.000 
2013/4/19,1126.670 ,0.584 ,1729.000 ,1225.000 ,643.000 ,2720.000 ,5480.000 
2013/4/22,1145.600 ,0.612 ,1771.000 ,1227.000 ,653.000 ,2710.000 ,5550.000 
2013/4/23,1143.780 ,0.589 ,1753.000 ,1244.000 ,643.000 ,2740.000 ,5510.000 
2013/4/24,1164.350 ,0.600 ,1807.000 ,1250.000 ,646.000 ,2705.000 ,5620.000 
2013/4/25,1172.780 ,0.585 ,1794.000 ,1255.000 ,660.000 ,2725.000 ,5730.000 
2013/4/26,1161.190 ,0.594 ,1757.000 ,1225.000 ,660.000 ,2730.000 ,5710.000 
2013/4/30,1165.130 ,0.611 ,1757.000 ,1249.000 ,663.000 ,2780.000 ,5640.000 
2013/5/1,1158.370 ,0.591 ,1824.000 ,1243.000 ,654.000 ,2830.000 ,5550.000 
2013/5/2,1153.280 ,0.563 ,1743.000 ,1248.000 ,653.000 ,2850.000 ,5490.000 
2013/5/7,1188.570 ,0.598 ,1819.000 ,1270.000 ,668.000 ,2915.000 ,5760.000 
2013/5/8,1194.340 ,0.598 ,1791.000 ,1275.000 ,666.000 ,2925.000 ,5840.000 
2013/5/9,1181.830 ,0.599 ,1613.000 ,1264.000 ,656.000 ,2910.000 ,5760.000 
2013/5/10,1210.600 ,0.700 ,1638.000 ,1190.000 ,673.000 ,2945.000 ,6050.000 
2013/5/13,1232.200 ,0.778 ,1673.000 ,1173.000 ,728.000 ,3020.000 ,6280.000 
2013/5/14,1230.800 ,0.853 ,1718.000 ,1194.000 ,710.000 ,3015.000 ,6210.000 
2013/5/15,1252.850 ,0.868 ,1777.000 ,997.000 ,732.000 ,3080.000 ,6440.000 
2013/5/16,1245.230 ,0.843 ,1768.000 ,963.000 ,706.000 ,3065.000 ,6450.000 
2013/5/17,1253.240 ,0.806 ,1751.000 ,1000.000 ,700.000 ,3080.000 ,6470.000 
2013/5/20,1269.510 ,0.849 ,1717.000 ,1007.000 ,699.000 ,3135.000 ,6590.000 
2013/5/21,1270.390 ,0.882 ,1691.000 ,1000.000 ,690.000 ,3140.000 ,6640.000 
2013/5/22,1276.030 ,0.886 ,1660.000 ,991.000 ,699.000 ,3135.000 ,6630.000 
2013/5/23,1188.340 ,0.835 ,1498.000 ,969.000 ,634.000 ,2975.000 ,6290.000 
2013/5/24,1194.080 ,0.842 ,1495.000 ,960.000 ,622.000 ,2980.000 ,6230.000 
2013/5/27,1154.070 ,0.840 ,1597.000 ,975.000 ,595.000 ,2840.000 ,5920.000 
2013/5/28,1168.270 ,0.905 ,1583.000 ,990.000 ,607.000 ,2790.000 ,6210.000 
2013/5/29,1178.870 ,0.937 ,1605.000 ,982.000 ,614.000 ,2895.000 ,6200.000 
2013/5/30,1134.420 ,0.889 ,1598.000 ,966.000 ,595.000 ,2740.000 ,6060.000 
2013/5/31,1135.780 ,0.865 ,1574.000 ,1005.000 ,595.000 ,2725.000 ,6010.000 
2013/6/3,1096.950 ,0.809 ,1483.000 ,988.000 ,563.000 ,2710.000 ,5810.000 
2013/6/4,1125.470 ,0.869 ,1543.000 ,988.000 ,605.000 ,2730.000 ,5930.000 
2013/6/5,1090.030 ,0.850 ,1432.000 ,989.000 ,579.000 ,2615.000 ,5730.000 
2013/6/6,1070.770 ,0.831 ,1402.000 ,976.000 ,572.000 ,2600.000 ,5640.000 
2013/6/7,1056.950 ,0.846 ,1370.000 ,933.000 ,570.000 ,2560.000 ,5480.000 
2013/6/10,1111.970 ,0.833 ,1477.000 ,979.000 ,603.000 ,2565.000 ,5950.000 
2013/6/11,1101.150 ,0.866 ,1442.000 ,953.000 ,615.000 ,2580.000 ,5970.000 
2013/6/12,1096.540 ,0.872 ,1432.000 ,957.000 ,604.000 ,2575.000 ,5860.000 
2013/6/13,1044.170 ,0.858 ,1389.000 ,939.000 ,577.000 ,2510.000 ,5590.000 
2013/6/14,1056.450 ,0.814 ,1404.000 ,881.000 ,567.000 ,2580.000 ,5590.000 
2013/6/17,1084.720 ,0.834 ,1494.000 ,929.000 ,582.000 ,2635.000 ,5700.000 
2013/6/18,1086.400 ,0.820 ,1493.000 ,922.000 ,579.000 ,2560.000 ,5800.000 
2013/6/19,1106.570 ,0.810 ,1550.000 ,919.000 ,593.000 ,2575.000 ,5870.000 
2013/6/20,1091.810 ,0.834 ,1468.000 ,910.000 ,582.000 ,2570.000 ,5810.000 
2013/6/21,1099.400 ,0.872 ,1509.000 ,912.000 ,584.000 ,2605.000 ,5840.000 
2013/6/24,1089.640 ,0.878 ,1499.000 ,895.000 ,578.000 ,2630.000 ,5750.000 
2013/6/25,1078.660 ,0.864 ,1461.000 ,880.000 ,575.000 ,2555.000 ,5670.000 
2013/6/26,1069.280 ,0.864 ,1437.000 ,820.000 ,578.000 ,2540.000 ,5700.000 
2013/6/27,1098.830 ,0.836 ,1513.000 ,894.000 ,588.000 ,2640.000 ,5900.000 
2013/6/28,1133.840 ,0.845 ,1571.000 ,880.000 ,612.000 ,2740.000 ,5990.000 
2013/7/1,1150.700 ,0.879 ,1575.000 ,840.000 ,631.000 ,2730.000 ,6060.000 
2013/7/2,1171.840 ,0.889 ,1593.000 ,840.000 ,639.000 ,2720.000 ,6230.000 
2013/7/3,1173.810 ,0.880 ,1648.000 ,819.000 ,644.000 ,2740.000 ,6230.000 
2013/7/4,1170.710 ,0.861 ,1646.000 ,821.000 ,640.000 ,2735.000 ,6180.000 
2013/7/5,1188.580 ,0.855 ,1691.000 ,839.000 ,646.000 ,2770.000 ,6310.000 
2013/7/8,1172.580 ,0.879 ,1614.000 ,824.000 ,638.000 ,2725.000 ,6250.000 
2013/7/9,1196.890 ,0.867 ,1600.000 ,833.000 ,654.000 ,2805.000 ,6410.000 
2013/7/10,1195.200 ,0.851 ,1592.000 ,816.000 ,653.000 ,2815.000 ,6390.000 
2013/7/11,1194.770 ,0.818 ,1636.000 ,805.000 ,653.000 ,2795.000 ,6380.000 
2013/7/12,1201.990 ,0.818 ,1626.000 ,790.000 ,655.000 ,2855.000 ,6410.000 
2013/7/16,1210.540 ,0.824 ,1677.000 ,817.000 ,662.000 ,2830.000 ,6460.000 
2013/7/17,1213.240 ,0.818 ,1684.000 ,802.000 ,662.000 ,2845.000 ,6500.000 
2013/7/18,1222.010 ,0.805 ,1711.000 ,848.000 ,669.000 ,2860.000 ,6480.000 
2013/7/19,1211.980 ,0.804 ,1676.000 ,832.000 ,674.000 ,2825.000 ,6470.000 
2013/7/22,1216.530 ,0.792 ,1693.000 ,821.000 ,672.000 ,2835.000 ,6490.000 
2013/7/23,1222.720 ,0.780 ,1732.000 ,812.000 ,670.000 ,2865.000 ,6480.000 
2013/7/24,1219.920 ,0.777 ,1732.000 ,812.000 ,668.000 ,2925.000 ,6430.000 
2013/7/25,1202.320 ,0.801 ,1741.000 ,812.000 ,659.000 ,2870.000 ,6380.000 
2013/7/26,1167.060 ,0.792 ,1691.000 ,801.000 ,628.000 ,2765.000 ,6150.000 
2013/7/29,1128.450 ,0.797 ,1721.000 ,769.000 ,603.000 ,2700.000 ,5900.000 
2013/7/30,1148.530 ,0.797 ,1657.000 ,791.000 ,609.000 ,2715.000 ,6070.000 
2013/7/31,1131.700 ,0.797 ,1649.000 ,794.000 ,601.000 ,2695.000 ,5970.000 
2013/8/1,1163.390 ,0.797 ,1666.000 ,781.000 ,625.000 ,2765.000 ,6220.000 
2013/8/2,1196.170 ,0.811 ,1732.000 ,806.000 ,643.000 ,2825.000 ,6430.000 
2013/8/5,1184.740 ,0.778 ,1768.000 ,844.000 ,634.000 ,2785.000 ,6360.000 
2013/8/6,1193.660 ,0.788 ,1792.000 ,846.000 ,636.000 ,2735.000 ,6380.000 
2013/8/7,1155.260 ,0.760 ,1769.000 ,816.000 ,611.000 ,2610.000 ,6230.000 
2013/8/8,1139.590 ,0.760 ,1778.000 ,788.000 ,607.000 ,2615.000 ,6160.000 
2013/8/9,1140.910 ,0.759 ,1824.000 ,803.000 ,609.000 ,2610.000 ,6170.000 
2013/8/12,1134.620 ,0.754 ,1815.000 ,825.000 ,602.000 ,2630.000 ,6190.000 
2013/8/13,1157.150 ,0.740 ,1824.000 ,821.000 ,609.000 ,2685.000 ,6330.000 
2013/8/14,1171.340 ,0.761 ,1819.000 ,854.000 ,612.000 ,2725.000 ,6410.000 
2013/8/15,1151.820 ,0.752 ,1756.000 ,963.000 ,605.000 ,2720.000 ,6310.000 
2013/8/16,1142.650 ,0.767 ,1747.000 ,920.000 ,597.000 ,2690.000 ,6290.000 
2013/8/19,1149.130 ,0.773 ,1770.000 ,928.000 ,597.000 ,2720.000 ,6320.000 
2013/8/20,1125.270 ,0.754 ,1770.000 ,903.000 ,588.000 ,2675.000 ,6160.000 
2013/8/21,1121.740 ,0.744 ,1744.000 ,842.000 ,586.000 ,2705.000 ,6030.000 
2013/8/22,1119.560 ,0.759 ,1741.000 ,810.000 ,588.000 ,2655.000 ,6050.000 
2013/8/23,1141.630 ,0.774 ,1760.000 ,802.000 ,602.000 ,2680.000 ,6220.000 
2013/8/26,1140.000 ,0.775 ,1775.000 ,799.000 ,599.000 ,2670.000 ,6210.000 
2013/8/27,1134.020 ,0.756 ,1789.000 ,802.000 ,596.000 ,2670.000 ,6160.000 
2013/8/28,1114.030 ,0.731 ,1827.000 ,787.000 ,584.000 ,2605.000 ,6020.000 
2013/8/29,1116.510 ,0.720 ,1773.000 ,779.000 ,582.000 ,2595.000 ,6060.000 
2013/8/30,1106.050 ,0.735 ,1726.000 ,779.000 ,576.000 ,2550.000 ,5940.000 
2013/9/2,1117.780 ,0.756 ,1742.000 ,758.000 ,578.000 ,2575.000 ,6000.000 
2013/9/3,1149.180 ,0.764 ,1748.000 ,779.000 ,607.000 ,2585.000 ,6200.000 
2013/9/4,1156.300 ,0.768 ,1743.000 ,787.000 ,620.000 ,2575.000 ,6230.000 
2013/9/5,1157.840 ,0.768 ,1700.000 ,792.000 ,618.000 ,2590.000 ,6250.000 
2013/9/6,1147.820 ,0.784 ,1665.000 ,776.000 ,613.000 ,2580.000 ,6210.000 
2013/9/9,1173.000 ,0.750 ,1754.000 ,779.000 ,623.000 ,2670.000 ,6260.000 
2013/9/10,1190.220 ,0.731 ,1779.000 ,771.000 ,635.000 ,2695.000 ,6300.000 
2013/9/11,1189.250 ,0.736 ,1754.000 ,767.000 ,632.000 ,2715.000 ,6340.000 
2013/9/12,1184.360 ,0.724 ,1720.000 ,765.000 ,632.000 ,2695.000 ,6270.000 
2013/9/13,1185.280 ,0.722 ,1704.000 ,764.000 ,631.000 ,2655.000 ,6280.000 
2013/9/17,1181.640 ,0.712 ,1705.000 ,767.000 ,631.000 ,2665.000 ,6240.000 
2013/9/18,1193.070 ,0.708 ,1700.000 ,779.000 ,642.000 ,2670.000 ,6330.000 
2013/9/19,1215.480 ,0.674 ,1685.000 ,775.000 ,653.000 ,2715.000 ,6400.000 
2013/9/20,1218.980 ,0.694 ,1702.000 ,773.000 ,654.000 ,2745.000 ,6480.000 
2013/9/24,1214.870 ,0.675 ,1670.000 ,769.000 ,649.000 ,2685.000 ,6440.000 
2013/9/25,1211.150 ,0.675 ,1676.000 ,759.000 ,652.000 ,2720.000 ,6470.000 
2013/9/26,1220.490 ,0.695 ,1698.000 ,757.000 ,653.000 ,2735.000 ,6510.000 
2013/9/27,1217.520 ,0.685 ,1705.000 ,774.000 ,644.000 ,2685.000 ,6440.000 
2013/9/30,1194.100 ,0.685 ,1692.000 ,765.000 ,627.000 ,2690.000 ,6270.000 
2013/10/1,1193.440 ,0.662 ,1701.000 ,760.000 ,625.000 ,2655.000 ,6270.000 
2013/10/2,1175.160 ,0.647 ,1681.000 ,735.000 ,616.000 ,2630.000 ,6210.000 
2013/10/3,1173.990 ,0.642 ,1667.000 ,695.000 ,616.000 ,2655.000 ,6250.000 
2013/10/4,1163.820 ,0.657 ,1651.000 ,699.000 ,611.000 ,2590.000 ,6180.000 
2013/10/7,1147.580 ,0.648 ,1620.000 ,685.000 ,605.000 ,2600.000 ,6090.000 
2013/10/8,1150.130 ,0.657 ,1651.000 ,697.000 ,609.000 ,2640.000 ,6050.000 
2013/10/9,1166.900 ,0.657 ,1657.000 ,720.000 ,622.000 ,2630.000 ,6230.000 
2013/10/10,1177.950 ,0.657 ,1657.000 ,761.000 ,621.000 ,2690.000 ,6350.000 
2013/10/11,1197.170 ,0.658 ,1669.000 ,769.000 ,636.000 ,2690.000 ,6410.000 
2013/10/15,1197.470 ,0.668 ,1661.000 ,772.000 ,633.000 ,2720.000 ,6390.000 
2013/10/16,1196.780 ,0.644 ,1661.000 ,772.000 ,630.000 ,2675.000 ,6360.000 
2013/10/17,1206.250 ,0.635 ,1663.000 ,804.000 ,637.000 ,2685.000 ,6340.000 
2013/10/18,1205.520 ,0.625 ,1702.000 ,836.000 ,638.000 ,2650.000 ,6280.000 
2013/10/21,1212.360 ,0.630 ,1713.000 ,838.000 ,635.000 ,2665.000 ,6300.000 
2013/10/22,1214.440 ,0.626 ,1707.000 ,815.000 ,639.000 ,2645.000 ,6370.000 
2013/10/23,1195.980 ,0.611 ,1691.000 ,799.000 ,629.000 ,2580.000 ,6320.000 
2013/10/24,1203.350 ,0.616 ,1693.000 ,815.000 ,627.000 ,2580.000 ,6330.000 
2013/10/25,1178.280 ,0.621 ,1676.000 ,811.000 ,615.000 ,2540.000 ,6200.000 
2013/10/28,1198.360 ,0.622 ,1703.000 ,817.000 ,629.000 ,2585.000 ,6310.000 
2013/10/29,1193.500 ,0.616 ,1723.000 ,831.000 ,622.000 ,2620.000 ,6270.000 
2013/10/30,1204.500 ,0.597 ,1739.000 ,852.000 ,629.000 ,2660.000 ,6370.000 
2013/10/31,1194.260 ,0.603 ,1727.000 ,845.000 ,620.000 ,2660.000 ,6360.000 
2013/11/1,1183.030 ,0.603 ,1683.000 ,826.000 ,617.000 ,2595.000 ,6330.000 
2013/11/5,1182.580 ,0.614 ,1686.000 ,803.000 ,615.000 ,2560.000 ,6320.000 
2013/11/6,1192.160 ,0.619 ,1718.000 ,810.000 ,618.000 ,2555.000 ,6350.000 
2013/11/7,1184.730 ,0.599 ,1718.000 ,813.000 ,616.000 ,2535.000 ,6270.000 
2013/11/8,1176.420 ,0.594 ,1679.000 ,837.000 ,608.000 ,2525.000 ,6200.000 
2013/11/11,1185.650 ,0.595 ,1685.000 ,842.000 ,613.000 ,2515.000 ,6250.000 
2013/11/12,1205.410 ,0.604 ,1699.000 ,827.000 ,626.000 ,2530.000 ,6320.000 
2013/11/13,1204.190 ,0.609 ,1690.000 ,871.000 ,635.000 ,2525.000 ,6280.000 
2013/11/14,1218.550 ,0.605 ,1696.000 ,851.000 ,645.000 ,2590.000 ,6310.000 
2013/11/15,1239.040 ,0.639 ,1724.000 ,864.000 ,658.000 ,2575.000 ,6370.000 
2013/11/18,1241.670 ,0.640 ,1707.000 ,932.000 ,664.000 ,2570.000 ,6350.000 
2013/11/19,1236.860 ,0.627 ,1707.000 ,904.000 ,658.000 ,2585.000 ,6300.000 
2013/11/20,1233.430 ,0.622 ,1695.000 ,895.000 ,653.000 ,2570.000 ,6290.000 
2013/11/21,1246.310 ,0.636 ,1719.000 ,898.000 ,661.000 ,2575.000 ,6280.000 
2013/11/22,1248.570 ,0.636 ,1709.000 ,880.000 ,656.000 ,2570.000 ,6340.000 
2013/11/25,1259.610 ,0.646 ,1704.000 ,867.000 ,660.000 ,2600.000 ,6430.000 
2013/11/26,1253.020 ,0.626 ,1688.000 ,880.000 ,663.000 ,2570.000 ,6350.000 
2013/11/27,1247.080 ,0.611 ,1691.000 ,880.000 ,654.000 ,2520.000 ,6320.000 
2013/11/28,1261.040 ,0.611 ,1698.000 ,910.000 ,659.000 ,2545.000 ,6390.000 
2013/11/29,1258.660 ,0.611 ,1691.000 ,935.000 ,659.000 ,2550.000 ,6380.000 
2013/12/2,1258.940 ,0.622 ,1686.000 ,950.000 ,661.000 ,2585.000 ,6370.000 
2013/12/3,1262.540 ,0.643 ,1684.000 ,956.000 ,663.000 ,2555.000 ,6390.000 
2013/12/4,1240.990 ,0.642 ,1673.000 ,933.000 ,648.000 ,2535.000 ,6280.000 
2013/12/5,1229.650 ,0.643 ,1650.000 ,944.000 ,643.000 ,2515.000 ,6220.000 
2013/12/6,1235.830 ,0.667 ,1616.000 ,949.000 ,643.000 ,2510.000 ,6220.000 
2013/12/9,1255.320 ,0.653 ,1629.000 ,989.000 ,650.000 ,2505.000 ,6300.000 
2013/12/10,1256.330 ,0.663 ,1634.000 ,1139.000 ,651.000 ,2500.000 ,6270.000 
2013/12/11,1250.450 ,0.653 ,1627.000 ,1165.000 ,644.000 ,2515.000 ,6220.000 
2013/12/12,1242.230 ,0.653 ,1648.000 ,1094.000 ,641.000 ,2520.000 ,6170.000 
2013/12/13,1238.880 ,0.682 ,1661.000 ,1043.000 ,635.000 ,2500.000 ,6180.000 
2013/12/16,1222.950 ,0.682 ,1654.000 ,998.000 ,631.000 ,2485.000 ,6060.000 
2013/12/17,1232.310 ,0.660 ,1660.000 ,1018.000 ,633.000 ,2485.000 ,6100.000 
2013/12/18,1250.490 ,0.653 ,1669.000 ,998.000 ,649.000 ,2550.000 ,6200.000 
2013/12/19,1263.070 ,0.673 ,1682.000 ,973.000 ,660.000 ,2540.000 ,6200.000 
2013/12/20,1261.640 ,0.678 ,1713.000 ,987.000 ,654.000 ,2535.000 ,6170.000 
2013/12/24,1257.550 ,0.674 ,1735.000 ,993.000 ,654.000 ,2530.000 ,6150.000 
2013/12/25,1258.180 ,0.689 ,1707.000 ,1005.000 ,654.000 ,2520.000 ,6160.000 
2013/12/26,1279.340 ,0.707 ,1752.000 ,1031.000 ,669.000 ,2545.000 ,6340.000 
2013/12/27,1290.070 ,0.708 ,1788.000 ,1008.000 ,677.000 ,2565.000 ,6390.000 
2013/12/30,1302.290 ,0.736 ,1795.000 ,1039.000 ,694.000 ,2590.000 ,6420.000 
2014/1/6,1292.150 ,0.725 ,1819.000 ,1033.000 ,686.000 ,2575.000 ,6300.000 
2014/1/7,1283.250 ,0.696 ,1827.000 ,1006.000 ,677.000 ,2560.000 ,6270.000 
2014/1/8,1306.230 ,0.701 ,1890.000 ,1054.000 ,692.000 ,2560.000 ,6300.000 
2014/1/9,1296.750 ,0.696 ,1877.000 ,1126.000 ,681.000 ,2545.000 ,6270.000 
2014/1/10,1298.480 ,0.696 ,1876.000 ,1111.000 ,686.000 ,2520.000 ,6290.000 
2014/1/14,1269.080 ,0.653 ,1839.000 ,1099.000 ,667.000 ,2495.000 ,6144.000 
2014/1/15,1294.520 ,0.662 ,1862.000 ,1133.000 ,675.000 ,2560.000 ,6235.000 
2014/1/16,1294.390 ,0.673 ,1874.000 ,1107.000 ,673.000 ,2575.000 ,6261.000 
2014/1/17,1297.390 ,0.674 ,1854.000 ,1094.000 ,679.000 ,2565.000 ,6200.000 
2014/1/20,1293.860 ,0.664 ,1853.000 ,1082.000 ,676.000 ,2580.000 ,6206.000 
2014/1/21,1295.950 ,0.689 ,1869.000 ,1081.000 ,671.000 ,2565.000 ,6300.000 
2014/1/22,1299.630 ,0.679 ,1914.000 ,1070.000 ,679.000 ,2590.000 ,6340.000 
2014/1/23,1287.520 ,0.661 ,1890.000 ,1130.000 ,673.000 ,2580.000 ,6256.000 
2014/1/24,1264.600 ,0.636 ,1834.000 ,1180.000 ,660.000 ,2590.000 ,6170.000 
2014/1/27,1229.230 ,0.637 ,1785.000 ,1133.000 ,637.000 ,2575.000 ,6039.000 
2014/1/28,1224.310 ,0.631 ,1796.000 ,1071.000 ,635.000 ,2595.000 ,6018.000 
2014/1/29,1256.180 ,0.641 ,1849.000 ,1084.000 ,652.000 ,2645.000 ,6136.000 
2014/1/30,1224.090 ,0.622 ,1779.000 ,1030.000 ,630.000 ,2570.000 ,5998.000 
2014/1/31,1220.640 ,0.627 ,1787.000 ,1013.000 ,623.000 ,2560.000 ,5922.000 
2014/2/3,1196.320 ,0.622 ,1789.000 ,967.000 ,607.000 ,2500.000 ,5831.000 
2014/2/4,1139.270 ,0.607 ,1656.000 ,888.000 ,584.000 ,2375.000 ,5500.000 
2014/2/5,1162.640 ,0.603 ,1822.000 ,905.000 ,593.000 ,2395.000 ,5830.000 
2014/2/6,1162.370 ,0.613 ,1764.000 ,970.000 ,587.000 ,2350.000 ,5785.000 
2014/2/7,1189.140 ,0.622 ,1813.000 ,969.000 ,602.000 ,2405.000 ,5900.000 
2014/2/10,1204.280 ,0.609 ,1853.000 ,1029.000 ,604.000 ,2425.000 ,5994.000 
2014/2/12,1219.600 ,0.615 ,1862.000 ,1049.000 ,611.000 ,2425.000 ,6020.000 
2014/2/13,1199.740 ,0.605 ,1826.000 ,1012.000 ,604.000 ,2420.000 ,5891.000 
2014/2/14,1183.820 ,0.595 ,1770.000 ,1087.000 ,591.000 ,2380.000 ,5813.000 
2014/2/17,1192.050 ,0.610 ,1799.000 ,1060.000 ,596.000 ,2415.000 ,5793.000 
2014/2/18,1224.000 ,0.611 ,1819.000 ,1098.000 ,626.000 ,2430.000 ,5945.000 
2014/2/19,1218.520 ,0.612 ,1831.000 ,1230.000 ,621.000 ,2425.000 ,5910.000 
2014/2/20,1194.560 ,0.598 ,1845.000 ,1123.000 ,603.000 ,2405.000 ,5860.000 
2014/2/21,1222.310 ,0.608 ,1915.000 ,1158.000 ,611.000 ,2470.000 ,5982.000 
2014/2/24,1219.070 ,0.603 ,1912.000 ,1181.000 ,603.000 ,2500.000 ,5924.000 
2014/2/25,1233.660 ,0.598 ,1962.000 ,1177.000 ,615.000 ,2525.000 ,5990.000 
2014/2/26,1225.350 ,0.598 ,2029.000 ,1142.000 ,606.000 ,2540.000 ,5917.000 
2014/2/27,1217.350 ,0.599 ,2025.000 ,1118.000 ,596.000 ,2545.000 ,5909.000 
2014/2/28,1211.660 ,0.594 ,1986.000 ,1126.000 ,587.000 ,2550.000 ,5839.000 
2014/3/3,1196.760 ,0.589 ,1957.000 ,1085.000 ,588.000 ,2560.000 ,5773.000 
2014/3/4,1204.110 ,0.593 ,1991.000 ,1123.000 ,586.000 ,2545.000 ,5811.000 
2014/3/5,1212.900 ,0.607 ,2013.000 ,1139.000 ,586.000 ,2540.000 ,5762.000 
2014/3/6,1228.360 ,0.607 ,2018.000 ,1151.000 ,602.000 ,2520.000 ,5869.000 
2014/3/7,1236.970 ,0.617 ,2112.000 ,1135.000 ,602.000 ,2565.000 ,5889.000 
2014/3/10,1227.610 ,0.618 ,2075.000 ,1147.000 ,599.000 ,2595.000 ,5821.000 
2014/3/11,1233.210 ,0.623 ,2021.000 ,1131.000 ,600.000 ,2665.000 ,5842.000 
2014/3/12,1206.940 ,0.623 ,1988.000 ,1104.000 ,587.000 ,2610.000 ,5728.000 
2014/3/13,1203.460 ,0.637 ,2010.000 ,1123.000 ,582.000 ,2640.000 ,5720.000 
2014/3/14,1164.700 ,0.619 ,1944.000 ,1071.000 ,561.000 ,2570.000 ,5551.000 
2014/3/17,1154.930 ,0.619 ,1949.000 ,1038.000 ,561.000 ,2535.000 ,5563.000 
2014/3/18,1165.940 ,0.615 ,1948.000 ,1070.000 ,559.000 ,2545.000 ,5550.000 
2014/3/19,1164.330 ,0.605 ,1919.000 ,1076.000 ,559.000 ,2550.000 ,5508.000 
2014/3/20,1145.970 ,0.595 ,1921.000 ,1030.000 ,546.000 ,2555.000 ,5425.000 
2014/3/24,1163.040 ,0.605 ,2000.000 ,1078.000 ,537.000 ,2585.000 ,5517.000 
2014/3/25,1163.700 ,0.605 ,2017.000 ,1086.000 ,541.000 ,2575.000 ,5560.000 
2014/3/26,1172.070 ,0.626 ,1974.000 ,1102.000 ,543.000 ,2535.000 ,5621.000 
2014/3/27,1176.900 ,0.626 ,1980.000 ,1133.000 ,541.000 ,2590.000 ,5731.000 
2014/3/28,1186.520 ,0.626 ,1987.000 ,1166.000 ,555.000 ,2640.000 ,5785.000 
2014/3/31,1202.890 ,0.641 ,2029.000 ,1140.000 ,567.000 ,2620.000 ,5826.000 
2014/4/1,1204.250 ,0.617 ,2004.000 ,1100.000 ,568.000 ,2585.000 ,5813.000 
2014/4/2,1211.360 ,0.627 ,1974.000 ,1118.000 ,579.000 ,2575.000 ,5847.000 
2014/4/3,1216.770 ,0.642 ,1981.000 ,1137.000 ,580.000 ,2580.000 ,5840.000 
2014/4/4,1215.890 ,0.642 ,1958.000 ,1121.000 ,582.000 ,2570.000 ,5792.000 
2014/4/7,1196.840 ,0.614 ,1938.000 ,1077.000 ,569.000 ,2555.000 ,5758.000 
2014/4/8,1174.560 ,0.619 ,1875.000 ,1047.000 ,558.000 ,2535.000 ,5623.000 
2014/4/9,1150.440 ,0.614 ,1850.000 ,1047.000 ,542.000 ,2520.000 ,5450.000 
2014/4/10,1149.490 ,0.609 ,1887.000 ,1031.000 ,542.000 ,2495.000 ,5321.000 
2014/4/11,1134.090 ,0.605 ,1852.000 ,1010.000 ,530.000 ,2495.000 ,5314.000 
2014/4/14,1132.760 ,0.605 ,1856.000 ,1006.000 ,537.000 ,2515.000 ,5410.000 
2014/4/15,1136.090 ,0.606 ,1923.000 ,1001.000 ,546.000 ,2475.000 ,5400.000 
2014/4/16,1166.550 ,0.611 ,1958.000 ,1039.000 ,566.000 ,2535.000 ,5523.000 
2014/4/17,1166.590 ,0.606 ,1938.000 ,1023.000 ,565.000 ,2560.000 ,5512.000 
2014/4/18,1173.370 ,0.602 ,1969.000 ,1018.000 ,566.000 ,2585.000 ,5564.000 
2014/4/21,1171.400 ,0.607 ,1955.000 ,1014.000 ,561.000 ,2585.000 ,5570.000 
2014/4/22,1162.500 ,0.607 ,1938.000 ,997.000 ,548.000 ,2600.000 ,5558.000 
2014/4/23,1173.810 ,0.618 ,1979.000 ,1025.000 ,562.000 ,2630.000 ,5549.000 
2014/4/24,1164.900 ,0.618 ,2008.000 ,1010.000 ,554.000 ,2605.000 ,5469.000 
2014/4/25,1169.990 ,0.628 ,2015.000 ,1009.000 ,550.000 ,2625.000 ,5494.000 
2014/4/28,1160.740 ,0.619 ,1957.000 ,1013.000 ,543.000 ,2570.000 ,5473.000 
2014/4/30,1162.440 ,0.623 ,1989.000 ,996.000 ,542.000 ,2675.000 ,5516.000 
2014/5/1,1182.200 ,0.624 ,2014.000 ,1001.000 ,554.000 ,2680.000 ,5639.000 
2014/5/2,1182.480 ,0.614 ,2015.000 ,1025.000 ,566.000 ,2685.000 ,5631.000 
2014/5/7,1152.010 ,0.606 ,1963.000 ,1003.000 ,548.000 ,2705.000 ,5511.000 
2014/5/8,1160.010 ,0.611 ,1969.000 ,979.000 ,557.000 ,2720.000 ,5528.000 
2014/5/9,1165.510 ,0.611 ,2035.000 ,905.000 ,561.000 ,2715.000 ,5561.000 
2014/5/12,1157.910 ,0.616 ,2018.000 ,835.000 ,563.000 ,2750.000 ,5514.000 
2014/5/13,1178.350 ,0.617 ,2032.000 ,855.000 ,578.000 ,2790.000 ,5650.000 
2014/5/14,1183.150 ,0.611 ,2012.000 ,887.000 ,574.000 ,2780.000 ,5680.000 
2014/5/15,1178.290 ,0.602 ,2043.000 ,901.000 ,580.000 ,2835.000 ,5635.000 
2014/5/16,1159.070 ,0.593 ,2077.000 ,880.000 ,563.000 ,2750.000 ,5522.000 
2014/5/19,1150.070 ,0.598 ,2099.000 ,822.000 ,553.000 ,2780.000 ,5459.000 
2014/5/20,1153.380 ,0.599 ,2090.000 ,832.000 ,547.000 ,2785.000 ,5468.000 
2014/5/21,1150.050 ,0.603 ,2117.000 ,835.000 ,549.000 ,2800.000 ,5420.000 
2014/5/22,1169.340 ,0.609 ,2172.000 ,840.000 ,557.000 ,2820.000 ,5526.000 
2014/5/23,1180.440 ,0.600 ,2156.000 ,836.000 ,570.000 ,2830.000 ,5557.000 
2014/5/26,1194.690 ,0.602 ,2143.000 ,849.000 ,579.000 ,2900.000 ,5599.000 
2014/5/27,1195.110 ,0.606 ,2166.000 ,883.000 ,577.000 ,2850.000 ,5585.000 
2014/5/28,1198.170 ,0.598 ,2163.000 ,868.000 ,573.000 ,2855.000 ,5613.000 
2014/5/29,1200.680 ,0.584 ,2180.000 ,911.000 ,577.000 ,2870.000 ,5663.000 
2014/5/30,1201.410 ,0.589 ,2192.000 ,929.000 ,573.000 ,2880.000 ,5761.000 
2014/6/2,1220.470 ,0.598 ,2263.000 ,925.000 ,583.000 ,2920.000 ,5822.000 
2014/6/3,1228.590 ,0.601 ,2262.000 ,920.000 ,595.000 ,2890.000 ,5855.000 
2014/6/4,1233.950 ,0.606 ,2264.000 ,951.000 ,597.000 ,2865.000 ,5854.000 
2014/6/5,1232.750 ,0.612 ,2250.000 ,955.000 ,595.000 ,2860.000 ,5837.000 
2014/6/6,1234.570 ,0.592 ,2279.000 ,964.000 ,600.000 ,2830.000 ,5869.000 
2014/6/9,1234.780 ,0.593 ,2281.000 ,964.000 ,595.000 ,2815.000 ,5878.000 
2014/6/10,1228.730 ,0.589 ,2307.000 ,928.000 ,602.000 ,2840.000 ,5810.000 
2014/6/11,1239.070 ,0.598 ,2321.000 ,951.000 ,611.000 ,2880.000 ,5874.000 
2014/6/12,1237.750 ,0.594 ,2357.000 ,979.000 ,617.000 ,2885.000 ,5880.000 
2014/6/13,1243.970 ,0.599 ,2341.000 ,979.000 ,618.000 ,2895.000 ,5854.000 
2014/6/16,1234.680 ,0.595 ,2305.000 ,952.000 ,614.000 ,2880.000 ,5823.000 
2014/6/17,1238.200 ,0.585 ,2350.000 ,956.000 ,609.000 ,2890.000 ,5822.000 
2014/6/18,1249.150 ,0.590 ,2386.000 ,966.000 ,619.000 ,2905.000 ,5884.000 
2014/6/19,1269.040 ,0.585 ,2379.000 ,996.000 ,634.000 ,2925.000 ,6013.000 
2014/6/20,1268.920 ,0.576 ,2392.000 ,978.000 ,638.000 ,2925.000 ,6030.000 
2014/6/23,1267.480 ,0.582 ,2369.000 ,963.000 ,634.000 ,2895.000 ,5981.000 
2014/6/24,1268.500 ,0.577 ,2388.000 ,929.000 ,628.000 ,2915.000 ,5961.000 
2014/6/25,1260.830 ,0.572 ,2401.000 ,923.000 ,622.000 ,2905.000 ,5957.000 
2014/6/26,1263.430 ,0.567 ,2378.000 ,881.000 ,622.000 ,2925.000 ,6006.000 
2014/6/27,1253.150 ,0.558 ,2371.000 ,895.000 ,618.000 ,2890.000 ,6048.000 
2014/6/30,1262.560 ,0.564 ,2363.000 ,888.000 ,621.000 ,2960.000 ,6084.000 
2014/7/1,1276.080 ,0.554 ,2377.000 ,880.000 ,629.000 ,2965.000 ,6169.000 
2014/7/2,1280.780 ,0.562 ,2357.000 ,873.000 ,635.000 ,2985.000 ,6209.000 
2014/7/3,1278.590 ,0.565 ,2292.000 ,855.000 ,629.000 ,2975.000 ,6168.000 
2014/7/4,1285.240 ,0.565 ,2246.000 ,860.000 ,630.000 ,2960.000 ,6201.000 
2014/7/7,1279.870 ,0.565 ,2231.000 ,854.000 ,625.000 ,2955.000 ,6170.000 
2014/7/8,1275.700 ,0.555 ,2265.000 ,846.000 ,625.000 ,2970.000 ,6131.000 
2014/7/9,1270.820 ,0.546 ,2249.000 ,852.000 ,616.000 ,2960.000 ,6062.000 
2014/7/10,1259.250 ,0.547 ,2234.000 ,848.000 ,605.000 ,2955.000 ,6003.000 
2014/7/11,1255.190 ,0.536 ,2174.000 ,841.000 ,599.000 ,2940.000 ,5981.000 
2014/7/14,1265.460 ,0.542 ,2172.000 ,858.000 ,600.000 ,2950.000 ,6021.000 
2014/7/15,1273.680 ,0.542 ,2191.000 ,844.000 ,606.000 ,2970.000 ,6023.000 
2014/7/16,1273.590 ,0.548 ,2222.000 ,828.000 ,605.000 ,2990.000 ,6044.000 
2014/7/17,1273.380 ,0.537 ,2205.000 ,824.000 ,604.000 ,2980.000 ,6049.000 
2014/7/18,1263.290 ,0.543 ,2197.000 ,811.000 ,598.000 ,2975.000 ,6006.000 
2014/7/22,1273.270 ,0.544 ,2200.000 ,835.000 ,594.400 ,3024.500 ,6027.000 
2014/7/23,1272.390 ,0.540 ,2188.000 ,832.000 ,593.500 ,3009.000 ,6046.000 
2014/7/24,1269.860 ,0.530 ,2187.000 ,852.000 ,593.600 ,3031.000 ,6070.000 
2014/7/25,1281.350 ,0.536 ,2200.000 ,835.000 ,595.400 ,3070.000 ,6107.000 
2014/7/28,1286.070 ,0.531 ,2200.000 ,837.000 ,606.800 ,3046.500 ,6133.000 
2014/7/29,1290.410 ,0.531 ,2206.000 ,832.000 ,604.800 ,3054.500 ,6133.000 
2014/7/30,1292.240 ,0.537 ,2200.000 ,816.000 ,610.000 ,2976.500 ,6141.000 
2014/7/31,1289.420 ,0.542 ,2200.000 ,823.000 ,615.600 ,2963.000 ,6137.000 
2014/8/1,1281.300 ,0.543 ,2198.000 ,844.000 ,618.300 ,2982.500 ,6087.000 
2014/8/4,1276.190 ,0.538 ,2189.000 ,864.000 ,605.400 ,3007.000 ,6041.000 
2014/8/5,1263.530 ,0.529 ,2167.000 ,844.000 ,600.600 ,2980.500 ,6042.000 
2014/8/6,1251.290 ,0.529 ,2136.000 ,862.000 ,589.300 ,2932.500 ,5989.000 
2014/8/7,1258.120 ,0.538 ,2119.000 ,845.000 ,592.100 ,2919.500 ,6028.000 
2014/8/8,1228.260 ,0.519 ,2258.000 ,838.000 ,572.700 ,2854.000 ,5905.000 
2014/8/11,1252.510 ,0.525 ,2236.000 ,858.000 ,582.900 ,2906.000 ,5940.000 
2014/8/12,1257.690 ,0.520 ,2301.000 ,871.000 ,589.200 ,2942.500 ,5990.000 
2014/8/13,1262.130 ,0.520 ,2276.000 ,850.000 ,592.000 ,2939.000 ,5999.000 
2014/8/14,1270.500 ,0.516 ,2267.000 ,842.000 ,593.100 ,2971.000 ,6009.000 
2014/8/15,1270.680 ,0.516 ,2261.000 ,868.000 ,588.900 ,2968.000 ,5991.000 
2014/8/18,1271.260 ,0.511 ,2283.000 ,832.000 ,590.000 ,2970.000 ,5975.000 
2014/8/19,1280.290 ,0.511 ,2253.000 ,830.000 ,590.700 ,2986.000 ,5985.000 
2014/8/20,1279.640 ,0.526 ,2288.000 ,826.000 ,589.800 ,3000.500 ,5951.000 
2014/8/21,1291.190 ,0.541 ,2267.000 ,827.000 ,601.800 ,3008.500 ,5990.000 
2014/8/22,1286.070 ,0.522 ,2241.000 ,828.000 ,602.000 ,3010.000 ,5943.000 
2014/8/25,1291.310 ,0.522 ,2271.000 ,832.000 ,603.900 ,2991.500 ,5985.000 
2014/8/26,1285.010 ,0.512 ,2238.000 ,824.000 ,597.800 ,2987.500 ,5990.000 
2014/8/27,1285.920 ,0.508 ,2205.000 ,801.000 ,598.900 ,2979.500 ,5979.000 
2014/8/28,1280.740 ,0.503 ,2168.000 ,790.000 ,596.900 ,2949.000 ,5935.000 
2014/8/29,1277.970 ,0.508 ,2131.000 ,816.000 ,598.200 ,2954.500 ,5928.000 
2014/9/1,1283.060 ,0.509 ,2134.000 ,811.000 ,600.000 ,2970.000 ,5956.000 
2014/9/2,1297.000 ,0.520 ,2115.000 ,815.000 ,606.700 ,2970.500 ,6060.000 
2014/9/3,1301.520 ,0.520 ,2084.000 ,807.000 ,614.800 ,3005.000 ,6077.000 
2014/9/4,1296.390 ,0.521 ,2098.000 ,801.000 ,611.400 ,3038.500 ,6087.000 
2014/9/5,1293.210 ,0.531 ,2110.000 ,791.000 ,606.200 ,3045.000 ,6115.000 
2014/9/8,1298.640 ,0.521 ,2060.000 ,779.000 ,610.400 ,3087.000 ,6107.000 
2014/9/9,1299.620 ,0.522 ,2043.000 ,777.000 ,606.000 ,3059.500 ,6127.000 
2014/9/10,1306.790 ,0.537 ,2076.000 ,784.000 ,609.700 ,3096.500 ,6170.000 
2014/9/11,1311.240 ,0.561 ,2079.000 ,855.000 ,618.600 ,3070.000 ,6218.000 
2014/9/12,1313.720 ,0.567 ,2146.000 ,848.000 ,621.900 ,3059.000 ,6303.000 
2014/9/16,1310.860 ,0.572 ,2128.000 ,829.000 ,614.600 ,3064.500 ,6305.000 
2014/9/17,1304.960 ,0.548 ,2150.000 ,797.000 ,609.700 ,3050.000 ,6309.000 
2014/9/18,1317.910 ,0.563 ,2306.000 ,803.000 ,621.200 ,3093.500 ,6445.000 
2014/9/19,1331.910 ,0.554 ,2320.000 ,795.000 ,629.300 ,3074.500 ,6494.000 
2014/9/22,1330.880 ,0.535 ,2314.000 ,784.000 ,636.400 ,3111.000 ,6492.000 
2014/9/24,1326.180 ,0.526 ,2322.000 ,768.000 ,630.800 ,3112.000 ,6423.000 
2014/9/25,1346.430 ,0.521 ,2409.000 ,765.000 ,639.800 ,3155.000 ,6550.000 
2014/9/26,1331.950 ,0.517 ,2366.000 ,762.000 ,625.200 ,3099.500 ,6453.000 
2014/9/29,1337.300 ,0.522 ,2419.000 ,759.000 ,621.600 ,3119.000 ,6488.000 
2014/9/30,1326.290 ,0.522 ,2471.000 ,748.000 ,620.200 ,3082.500 ,6463.000 
2014/10/1,1318.210 ,0.527 ,2465.000 ,722.000 ,620.000 ,3076.000 ,6500.000 
2014/10/2,1280.150 ,0.522 ,2410.000 ,721.000 ,599.600 ,2981.500 ,6275.000 
2014/10/3,1282.540 ,0.519 ,2430.000 ,747.000 ,601.900 ,2966.000 ,6290.000 
2014/10/6,1296.400 ,0.519 ,2463.000 ,759.000 ,613.100 ,2970.500 ,6383.000 
2014/10/7,1290.890 ,0.514 ,2458.000 ,771.000 ,610.000 ,2971.500 ,6366.000 
2014/10/8,1274.850 ,0.504 ,2459.000 ,759.000 ,605.600 ,2953.500 ,6252.000 
2014/10/9,1260.780 ,0.490 ,2414.000 ,750.000 ,601.600 ,2947.500 ,6240.000 
2014/10/10,1243.090 ,0.502 ,2353.000 ,810.000 ,589.400 ,2932.000 ,6220.000 
2014/10/14,1214.270 ,0.496 ,2326.000 ,795.000 ,577.400 ,2868.000 ,5978.000 
2014/10/15,1223.670 ,0.490 ,2281.000 ,783.000 ,578.600 ,2900.000 ,5990.000 
2014/10/16,1195.500 ,0.491 ,2276.000 ,751.000 ,560.000 ,2808.000 ,5879.000 
2014/10/17,1177.220 ,0.472 ,2269.000 ,728.000 ,551.000 ,2785.000 ,5731.000 
2014/10/20,1224.340 ,0.492 ,2358.000 ,737.000 ,570.400 ,2860.000 ,6028.000 
2014/10/21,1205.360 ,0.483 ,2374.000 ,743.000 ,566.800 ,2830.500 ,5931.000 
2014/10/22,1236.410 ,0.489 ,2428.000 ,753.000 ,577.900 ,2907.500 ,6034.000 
2014/10/23,1232.340 ,0.484 ,2396.000 ,765.000 ,579.000 ,2924.000 ,6045.000 
2014/10/24,1242.320 ,0.473 ,2409.000 ,756.000 ,583.200 ,2959.000 ,6151.000 
2014/10/27,1254.280 ,0.474 ,2424.000 ,749.000 ,587.100 ,3030.000 ,6195.000 
2014/10/28,1252.000 ,0.465 ,2447.000 ,746.000 ,590.000 ,3033.500 ,6172.000 
2014/10/29,1270.640 ,0.471 ,2465.000 ,759.000 ,599.000 ,3054.000 ,6262.000 
2014/10/30,1278.900 ,0.475 ,2487.000 ,753.000 ,608.000 ,3075.500 ,6260.000 
2014/10/31,1333.640 ,0.466 ,2586.000 ,776.000 ,632.200 ,3179.000 ,6498.000 
2014/11/4,1368.650 ,0.449 ,2772.000 ,770.000 ,638.400 ,3234.500 ,6800.000 
2014/11/5,1371.760 ,0.475 ,2782.000 ,768.000 ,636.500 ,3290.500 ,6808.000 
2014/11/6,1356.350 ,0.476 ,2742.000 ,773.000 ,623.700 ,3208.000 ,6812.000 
2014/11/7,1363.670 ,0.482 ,2790.000 ,774.000 ,628.500 ,3240.000 ,6817.000 
2014/11/10,1360.110 ,0.467 ,2880.000 ,813.000 ,630.900 ,3226.500 ,6712.000 
2014/11/11,1375.210 ,0.492 ,2919.000 ,802.000 ,634.700 ,3265.000 ,6813.000 
2014/11/12,1377.050 ,0.531 ,2985.000 ,785.000 ,634.100 ,3251.500 ,6839.000 
2014/11/13,1389.510 ,0.507 ,2980.000 ,829.000 ,643.200 ,3275.000 ,6930.000 
2014/11/14,1400.410 ,0.486 ,2997.000 ,821.000 ,645.100 ,3266.500 ,6969.000 
2014/11/17,1366.130 ,0.481 ,2916.000 ,819.000 ,659.000 ,3175.000 ,6825.000 
2014/11/18,1394.880 ,0.512 ,2977.000 ,820.000 ,669.900 ,3243.000 ,6998.000 
2014/11/19,1396.540 ,0.484 ,3005.000 ,805.000 ,671.000 ,3220.000 ,7025.000 
2014/11/20,1397.640 ,0.480 ,3060.000 ,804.000 ,670.200 ,3195.000 ,7098.000 
2014/11/21,1400.180 ,0.471 ,3035.000 ,834.000 ,671.000 ,3201.500 ,7089.000 
2014/11/25,1409.150 ,0.461 ,3035.000 ,805.000 ,680.500 ,3183.500 ,7190.000 
2014/11/26,1406.400 ,0.447 ,2994.000 ,807.000 ,678.700 ,3201.000 ,7180.000 
2014/11/27,1391.900 ,0.436 ,2996.000 ,797.000 ,670.300 ,3188.000 ,7147.000 
2014/11/28,1410.340 ,0.431 ,3005.000 ,797.000 ,686.400 ,3236.000 ,7314.000 
2014/12/1,1421.650 ,0.436 ,3080.000 ,795.000 ,690.000 ,3248.500 ,7429.000 
2014/12/2,1427.850 ,0.445 ,3100.000 ,784.000 ,688.600 ,3267.000 ,7527.000 
2014/12/3,1429.750 ,0.426 ,3075.000 ,780.000 ,689.800 ,3280.000 ,7592.000 
2014/12/4,1440.600 ,0.427 ,3090.000 ,773.000 ,689.000 ,3256.500 ,7730.000 
2014/12/5,1445.670 ,0.417 ,3100.000 ,767.000 ,696.900 ,3257.500 ,7742.000 
2014/12/8,1447.580 ,0.433 ,2999.000 ,764.000 ,695.400 ,3189.500 ,7858.000 
2014/12/9,1436.090 ,0.414 ,2991.000 ,758.000 ,698.400 ,3210.500 ,7756.000 
2014/12/10,1406.830 ,0.405 ,2924.000 ,751.000 ,680.400 ,3176.500 ,7523.000 
2014/12/11,1397.040 ,0.405 ,2993.000 ,750.000 ,670.000 ,3126.500 ,7481.000 
2014/12/12,1399.650 ,0.395 ,2970.000 ,753.000 ,670.900 ,3100.500 ,7500.000 
2014/12/15,1379.290 ,0.376 ,2935.000 ,747.000 ,665.600 ,3102.000 ,7311.000 
2014/12/16,1353.370 ,0.356 ,2874.000 ,735.000 ,649.100 ,3079.500 ,7214.000 
2014/12/17,1352.010 ,0.357 ,2849.000 ,731.000 ,643.000 ,3074.000 ,7143.000 
2014/12/18,1376.320 ,0.348 ,2867.000 ,725.000 ,648.900 ,3142.500 ,7250.000 
2014/12/19,1409.610 ,0.353 ,2984.000 ,727.000 ,676.400 ,3219.500 ,7562.000 
2014/12/22,1413.050 ,0.338 ,2954.000 ,755.000 ,669.800 ,3202.500 ,7535.000 
2014/12/24,1426.020 ,0.334 ,3005.000 ,738.000 ,676.400 ,3229.500 ,7657.000 
2014/12/25,1421.260 ,0.314 ,2953.000 ,726.000 ,670.900 ,3251.000 ,7611.000 
2014/12/26,1427.500 ,0.329 ,2995.000 ,732.000 ,673.200 ,3271.000 ,7696.000 
2014/12/29,1424.670 ,0.324 ,2946.000 ,727.000 ,668.300 ,3305.000 ,7662.000 
2014/12/30,1407.510 ,0.325 ,2895.000 ,724.000 ,664.500 ,3260.500 ,7558.000 
2015/1/5,1401.090 ,0.326 ,2812.000 ,722.000 ,654.600 ,3216.500 ,7507.000 
2015/1/6,1361.140 ,0.289 ,2730.000 ,711.000 ,634.000 ,3126.000 ,7300.000 
2015/1/7,1359.800 ,0.299 ,2731.000 ,703.000 ,623.100 ,3101.000 ,7407.000 
2015/1/8,1377.670 ,0.284 ,2827.000 ,697.000 ,627.100 ,3153.500 ,7554.000 
2015/1/9,1380.580 ,0.279 ,2802.000 ,701.000 ,632.800 ,3167.500 ,7609.000 
2015/1/13,1374.690 ,0.265 ,2805.000 ,710.000 ,629.700 ,3184.500 ,7519.000 
2015/1/14,1357.980 ,0.256 ,2808.000 ,692.000 ,616.900 ,3228.000 ,7396.000 
2015/1/15,1376.600 ,0.250 ,2798.000 ,689.000 ,618.800 ,3286.500 ,7526.000 
2015/1/16,1363.730 ,0.241 ,2742.000 ,686.000 ,614.700 ,3290.500 ,7514.000 
2015/1/19,1372.410 ,0.206 ,2735.000 ,683.000 ,608.800 ,3356.000 ,7465.000 
2015/1/20,1397.630 ,0.221 ,2775.000 ,684.000 ,625.000 ,3425.000 ,7659.000 
2015/1/21,1390.610 ,0.251 ,2841.000 ,673.000 ,620.600 ,3399.500 ,7588.000 
2015/1/22,1389.430 ,0.321 ,2824.000 ,663.000 ,614.700 ,3398.000 ,7585.000 
2015/1/23,1403.220 ,0.244 ,2839.000 ,666.000 ,622.200 ,3430.500 ,7685.000 
2015/1/26,1402.080 ,0.229 ,2836.000 ,675.000 ,622.700 ,3462.500 ,7725.000 
2015/1/27,1426.380 ,0.269 ,2914.000 ,677.000 ,642.800 ,3524.500 ,7825.000 
2015/1/28,1429.920 ,0.293 ,2886.000 ,682.000 ,640.100 ,3532.000 ,7818.000 
2015/1/29,1413.580 ,0.293 ,2871.000 ,670.000 ,630.800 ,3513.000 ,7729.000 
2015/1/30,1415.070 ,0.288 ,2910.000 ,672.000 ,632.300 ,3531.500 ,7645.000 
2015/2/2,1408.750 ,0.293 ,2861.000 ,665.000 ,625.000 ,3604.500 ,7660.000 
2015/2/3,1392.390 ,0.363 ,2760.000 ,666.000 ,622.000 ,3568.000 ,7550.000 
2015/2/4,1417.000 ,0.382 ,2800.000 ,680.000 ,654.100 ,3622.500 ,7728.000 
2015/2/5,1410.110 ,0.362 ,2847.000 ,698.000 ,656.900 ,3486.500 ,7654.000 
2015/2/6,1417.190 ,0.343 ,2867.000 ,661.000 ,671.800 ,3552.500 ,7623.000 
2015/2/9,1424.920 ,0.362 ,2866.000 ,673.000 ,679.900 ,3564.000 ,7700.000 
2015/2/10,1427.720 ,0.397 ,2851.000 ,671.000 ,683.300 ,3582.500 ,7713.000 
2015/2/12,1449.390 ,0.398 ,2957.000 ,674.000 ,702.000 ,3581.500 ,7851.000 
2015/2/13,1449.380 ,0.423 ,2962.000 ,670.000 ,707.100 ,3550.500 ,7808.000 
2015/2/16,1459.430 ,0.454 ,2666.000 ,683.000 ,729.000 ,3596.000 ,7829.000 
2015/2/17,1462.070 ,0.399 ,2755.000 ,679.000 ,720.400 ,3595.000 ,7802.000 
2015/2/18,1482.670 ,0.417 ,2799.000 ,678.000 ,743.300 ,3655.000 ,7959.000 
2015/2/19,1494.930 ,0.398 ,2897.000 ,670.000 ,770.200 ,3655.000 ,7998.000 
2015/2/20,1500.330 ,0.393 ,2950.000 ,671.000 ,765.500 ,3664.500 ,8078.000 
2015/2/23,1502.830 ,0.389 ,2971.000 ,673.000 ,752.700 ,3670.000 ,8130.000 
2015/2/24,1508.280 ,0.381 ,2994.000 ,691.000 ,752.100 ,3657.500 ,8201.000 
2015/2/25,1507.620 ,0.347 ,3015.000 ,707.000 ,762.700 ,3659.500 ,8127.000 
2015/2/26,1521.680 ,0.348 ,3095.000 ,698.000 ,786.900 ,3666.000 ,8126.000 
2015/2/27,1523.850 ,0.349 ,3130.000 ,703.000 ,777.700 ,3641.000 ,8063.000 
2015/3/2,1524.970 ,0.354 ,3090.000 ,719.000 ,767.600 ,3703.500 ,8125.000 
2015/3/3,1526.830 ,0.395 ,3105.000 ,714.000 ,759.500 ,3747.000 ,8136.000 
2015/3/4,1517.010 ,0.400 ,3010.000 ,717.000 ,745.000 ,3677.000 ,8112.000 
2015/3/5,1523.720 ,0.395 ,2999.000 ,714.000 ,757.100 ,3703.500 ,8063.000 
2015/3/6,1540.840 ,0.376 ,3135.000 ,695.000 ,778.500 ,3700.500 ,8190.000 
2015/3/9,1531.760 ,0.422 ,3080.000 ,685.000 ,781.000 ,3657.500 ,8193.000 
2015/3/10,1524.750 ,0.462 ,3090.000 ,677.000 ,755.900 ,3610.500 ,8178.000 
2015/3/11,1525.670 ,0.413 ,3050.000 ,677.000 ,749.100 ,3622.500 ,8158.000 
2015/3/12,1546.630 ,0.374 ,3080.000 ,672.000 ,773.400 ,3667.500 ,8258.000 
2015/3/13,1560.330 ,0.408 ,3025.000 ,671.000 ,789.500 ,3750.000 ,8257.000 
2015/3/16,1558.210 ,0.414 ,3080.000 ,676.000 ,797.000 ,3696.500 ,8280.000 
2015/3/17,1570.500 ,0.410 ,3070.000 ,668.000 ,793.200 ,3782.500 ,8338.000 
2015/3/18,1582.460 ,0.361 ,3130.000 ,704.000 ,806.600 ,3810.000 ,8463.000 
2015/3/19,1575.810 ,0.322 ,3140.000 ,752.000 ,785.000 ,3827.000 ,8491.000 
2015/3/20,1580.510 ,0.322 ,3215.000 ,754.000 ,790.000 ,3811.000 ,8598.000 
2015/3/23,1592.250 ,0.307 ,3210.000 ,776.000 ,787.500 ,3833.000 ,8741.000 
2015/3/24,1587.590 ,0.307 ,3295.000 ,795.000 ,784.800 ,3818.500 ,8689.000 
2015/3/25,1592.010 ,0.328 ,3425.000 ,808.000 ,783.200 ,3837.000 ,8695.000 
2015/3/26,1568.820 ,0.328 ,3300.000 ,812.000 ,765.100 ,3779.000 ,8605.000 
2015/3/27,1552.780 ,0.373 ,3260.000 ,811.000 ,752.200 ,3777.500 ,8481.000 
2015/3/30,1557.770 ,0.368 ,3315.000 ,837.000 ,756.500 ,3789.500 ,8426.000 
2015/3/31,1543.110 ,0.398 ,3270.000 ,835.000 ,743.700 ,3781.000 ,8383.000 
2015/4/1,1528.990 ,0.378 ,3260.000 ,826.000 ,748.700 ,3756.000 ,8236.000 
2015/4/2,1554.170 ,0.339 ,3235.000 ,816.000 ,773.000 ,3854.000 ,8377.000 
2015/4/3,1564.160 ,0.354 ,3275.000 ,826.000 ,771.400 ,3899.500 ,8426.000 
2015/4/6,1560.710 ,0.340 ,3275.000 ,830.000 ,764.600 ,3909.500 ,8333.000 
2015/4/7,1578.550 ,0.360 ,3215.000 ,819.000 ,788.000 ,3908.000 ,8410.000 
2015/4/8,1588.470 ,0.360 ,3240.000 ,816.000 ,794.000 ,3995.500 ,8372.000 
2015/4/9,1594.190 ,0.361 ,3240.000 ,824.000 ,785.800 ,3997.500 ,8367.000 
2015/4/10,1589.540 ,0.341 ,3225.000 ,824.000 ,777.300 ,3929.500 ,8326.000 
2015/4/13,1586.260 ,0.342 ,3240.000 ,842.000 ,771.400 ,3791.000 ,8248.000 
2015/4/14,1590.820 ,0.327 ,3305.000 ,843.000 ,780.000 ,3806.000 ,8285.000 
2015/4/15,1588.810 ,0.328 ,3160.000 ,837.000 ,783.700 ,3749.000 ,8273.000 
2015/4/16,1599.420 ,0.332 ,3145.000 ,844.000 ,805.300 ,3735.000 ,8309.000 
2015/4/17,1588.690 ,0.307 ,3045.000 ,844.000 ,822.000 ,3702.000 ,8297.000 
2015/4/20,1582.680 ,0.313 ,3060.000 ,828.000 ,826.400 ,3657.500 ,8262.000 
2015/4/21,1608.880 ,0.313 ,3115.000 ,822.000 ,854.000 ,3734.500 ,8447.000 
2015/4/22,1621.790 ,0.309 ,3125.000 ,812.000 ,879.200 ,3720.500 ,8462.000 
2015/4/23,1624.870 ,0.319 ,3100.000 ,815.000 ,861.700 ,3744.500 ,8478.000 
2015/4/24,1618.840 ,0.294 ,3090.000 ,784.000 ,856.800 ,3741.000 ,8413.000 
2015/4/27,1619.070 ,0.310 ,3165.000 ,781.000 ,851.100 ,3715.000 ,8340.000 
2015/4/28,1627.430 ,0.306 ,3160.000 ,783.000 ,855.700 ,3680.000 ,8515.000 
2015/4/30,1592.790 ,0.336 ,3070.000 ,772.000 ,855.900 ,3462.500 ,8358.000 
2015/5/1,1585.610 ,0.370 ,3070.000 ,750.000 ,842.200 ,3387.500 ,8315.000 
2015/5/7,1574.640 ,0.440 ,3075.000 ,747.000 ,836.400 ,3365.000 ,8214.000 
2015/5/8,1587.760 ,0.421 ,3025.000 ,760.000 ,882.800 ,3438.500 ,8279.000 
2015/5/11,1598.330 ,0.402 ,3020.000 ,774.000 ,872.000 ,3453.500 ,8235.000 
2015/5/12,1602.270 ,0.461 ,3185.000 ,752.000 ,864.700 ,3462.500 ,8284.000 
2015/5/13,1604.210 ,0.466 ,3190.000 ,753.000 ,865.200 ,3451.500 ,8196.000 
2015/5/14,1591.490 ,0.457 ,3120.000 ,751.000 ,844.000 ,3420.500 ,8179.000 
2015/5/15,1607.110 ,0.402 ,3120.000 ,760.000 ,871.900 ,3352.500 ,8296.000 
2015/5/18,1626.660 ,0.387 ,3175.000 ,758.000 ,911.800 ,3368.500 ,8352.000 
2015/5/19,1633.330 ,0.393 ,3285.000 ,760.000 ,899.100 ,3367.500 ,8364.000 
2015/5/20,1643.400 ,0.403 ,3275.000 ,766.000 ,898.700 ,3386.500 ,8405.000 
2015/5/21,1646.800 ,0.418 ,3265.000 ,765.000 ,906.800 ,3395.500 ,8423.000 
2015/5/22,1647.850 ,0.423 ,3225.000 ,773.000 ,899.500 ,3386.000 ,8346.000 
2015/5/25,1659.150 ,0.433 ,3130.000 ,774.000 ,905.400 ,3402.000 ,8459.000 
2015/5/26,1659.570 ,0.431 ,3160.000 ,772.000 ,900.800 ,3411.000 ,8451.000 
2015/5/27,1661.330 ,0.400 ,3180.000 ,771.000 ,896.600 ,3369.500 ,8496.000 
2015/5/28,1672.760 ,0.411 ,3230.000 ,766.000 ,917.300 ,3417.000 ,8637.000 
2015/5/29,1673.650 ,0.406 ,3310.000 ,778.000 ,921.200 ,3440.500 ,8604.000 
2015/6/1,1678.560 ,0.412 ,3340.000 ,773.000 ,935.000 ,3434.500 ,8520.000 
2015/6/2,1674.210 ,0.429 ,3335.000 ,768.000 ,914.000 ,3477.000 ,8514.000 
2015/6/3,1669.990 ,0.455 ,3325.000 ,764.000 ,913.700 ,3475.000 ,8515.000 
2015/6/4,1673.890 ,0.484 ,3285.000 ,768.000 ,924.300 ,3400.500 ,8527.000 
2015/6/5,1667.060 ,0.475 ,3265.000 ,765.000 ,906.400 ,3410.500 ,8470.000 
2015/6/8,1661.990 ,0.486 ,3310.000 ,751.000 ,900.800 ,3407.500 ,8358.000 
2015/6/9,1634.370 ,0.443 ,3270.000 ,742.000 ,884.300 ,3453.000 ,8215.000 
2015/6/10,1628.230 ,0.491 ,3225.000 ,742.000 ,877.000 ,3486.500 ,8182.000 
2015/6/11,1648.880 ,0.524 ,3195.000 ,733.000 ,891.900 ,3522.000 ,8322.000 
2015/6/12,1651.480 ,0.497 ,3160.000 ,737.000 ,890.000 ,3462.500 ,8394.000 
2015/6/15,1651.920 ,0.498 ,3115.000 ,735.000 ,889.500 ,3474.500 ,8409.000 
2015/6/16,1639.860 ,0.493 ,3130.000 ,732.000 ,875.500 ,3476.000 ,8395.000 
2015/6/17,1633.700 ,0.473 ,3100.000 ,725.000 ,867.900 ,3441.500 ,8311.000 
2015/6/18,1616.660 ,0.434 ,3095.000 ,725.000 ,854.500 ,3435.000 ,8184.000 
2015/6/19,1631.010 ,0.415 ,3135.000 ,725.000 ,860.000 ,3354.500 ,8234.000 
2015/6/22,1648.610 ,0.425 ,3195.000 ,735.000 ,889.000 ,3420.000 ,8297.000 
2015/6/23,1676.400 ,0.465 ,3255.000 ,729.000 ,906.500 ,3484.000 ,8475.000 
2015/6/24,1679.890 ,0.455 ,3275.000 ,740.000 ,912.200 ,3432.500 ,8449.000 
2015/6/25,1670.910 ,0.470 ,3240.000 ,749.000 ,905.000 ,3366.500 ,8338.000 
2015/6/26,1667.030 ,0.470 ,3235.000 ,751.000 ,915.500 ,3357.000 ,8333.000 
2015/6/29,1624.820 ,0.437 ,3175.000 ,728.000 ,885.800 ,3285.000 ,8151.000 
2015/6/30,1630.400 ,0.451 ,3165.000 ,715.000 ,879.800 ,3250.000 ,8203.000 
2015/7/1,1636.410 ,0.471 ,3290.000 ,707.000 ,888.000 ,3211.500 ,8140.000 
2015/7/2,1648.240 ,0.511 ,3385.000 ,709.000 ,892.700 ,3256.000 ,8153.000 
2015/7/3,1652.090 ,0.482 ,3350.000 ,705.000 ,903.500 ,3256.000 ,8182.000 
2015/7/6,1620.360 ,0.462 ,3300.000 ,701.000 ,876.300 ,3223.000 ,8067.000 
2015/7/7,1637.230 ,0.453 ,3330.000 ,708.000 ,880.200 ,3284.500 ,8116.000 
2015/7/8,1582.480 ,0.415 ,3240.000 ,700.000 ,840.500 ,3215.000 ,7931.000 
2015/7/9,1579.890 ,0.448 ,3220.000 ,696.000 ,838.200 ,3201.500 ,7898.000 
2015/7/10,1583.550 ,0.434 ,3140.000 ,697.000 ,857.300 ,3214.000 ,7925.000 
2015/7/13,1613.510 ,0.445 ,3185.000 ,688.000 ,872.000 ,3307.500 ,8113.000 
2015/7/14,1638.710 ,0.460 ,3250.000 ,713.000 ,885.300 ,3327.000 ,8201.000 
2015/7/15,1646.410 ,0.454 ,3300.000 ,720.000 ,883.000 ,3312.500 ,8273.000 
2015/7/16,1660.830 ,0.445 ,3400.000 ,723.000 ,891.500 ,3359.500 ,8432.000 
2015/7/17,1662.940 ,0.426 ,3480.000 ,731.000 ,902.100 ,3352.500 ,8345.000 
2015/7/21,1673.880 ,0.423 ,3485.000 ,738.000 ,909.900 ,3396.500 ,8376.000 
2015/7/22,1655.370 ,0.416 ,3460.000 ,734.000 ,888.300 ,3367.500 ,8278.000 
2015/7/23,1664.880 ,0.417 ,3520.000 ,736.000 ,896.400 ,3359.500 ,8277.000 
2015/7/24,1655.860 ,0.412 ,3495.000 ,737.000 ,884.700 ,3333.000 ,8277.000 
2015/7/27,1637.900 ,0.414 ,3425.000 ,707.000 ,885.600 ,3329.500 ,8183.000 
2015/7/28,1629.460 ,0.408 ,3420.000 ,709.000 ,875.200 ,3315.000 ,8077.000 
2015/7/29,1633.940 ,0.409 ,3540.000 ,718.000 ,878.800 ,3348.500 ,8112.000 
2015/7/30,1647.210 ,0.419 ,3490.000 ,722.000 ,893.200 ,3364.000 ,8163.000 
2015/7/31,1659.520 ,0.414 ,3565.000 ,729.000 ,900.000 ,3348.000 ,8253.000 
2015/8/3,1659.600 ,0.420 ,3580.000 ,730.000 ,884.000 ,3366.000 ,8200.000 
2015/8/4,1659.830 ,0.395 ,3740.000 ,735.000 ,884.600 ,3465.000 ,8121.000 
2015/8/5,1665.850 ,0.406 ,3655.000 ,732.000 ,886.000 ,3493.500 ,7930.000 
2015/8/6,1673.580 ,0.430 ,3590.000 ,669.000 ,886.500 ,3503.500 ,8033.000 
2015/8/7,1679.190 ,0.425 ,3495.000 ,674.000 ,894.600 ,3502.500 ,8118.000 
2015/8/10,1691.290 ,0.411 ,3640.000 ,686.000 ,889.100 ,3537.500 ,8144.000 
2015/8/11,1687.600 ,0.407 ,3710.000 ,681.000 ,891.600 ,3501.000 ,8122.000 
2015/8/12,1665.750 ,0.367 ,3865.000 ,671.000 ,879.500 ,3460.000 ,7987.000 
2015/8/13,1667.950 ,0.388 ,3825.000 ,671.000 ,865.700 ,3496.500 ,7941.000 
2015/8/14,1664.460 ,0.388 ,3805.000 ,667.000 ,864.000 ,3496.000 ,7945.000 
2015/8/17,1672.870 ,0.403 ,3905.000 ,669.000 ,864.300 ,3525.000 ,7932.000 
2015/8/18,1672.220 ,0.384 ,3885.000 ,664.000 ,875.200 ,3520.500 ,7967.000 
2015/8/19,1648.480 ,0.384 ,3780.000 ,659.000 ,868.000 ,3576.500 ,7897.000 
2015/8/20,1623.880 ,0.369 ,3760.000 ,661.000 ,849.800 ,3527.000 ,7732.000 
2015/8/21,1573.010 ,0.364 ,3535.000 ,626.000 ,814.900 ,3475.500 ,7500.000 
2015/8/24,1480.870 ,0.360 ,3350.000 ,581.000 ,746.900 ,3286.500 ,6994.000 
2015/8/25,1432.650 ,0.385 ,3190.000 ,561.000 ,744.300 ,3118.500 ,6725.000 
2015/8/26,1478.970 ,0.385 ,3410.000 ,559.000 ,769.600 ,3208.500 ,6920.000 
2015/8/27,1500.410 ,0.400 ,3410.000 ,564.000 ,786.900 ,3250.000 ,7026.000 
2015/8/28,1549.800 ,0.396 ,3605.000 ,581.000 ,820.100 ,3318.500 ,7346.000 
2015/8/31,1537.050 ,0.392 ,3550.000 ,572.000 ,800.100 ,3316.500 ,7192.000 
2015/9/1,1478.110 ,0.381 ,3435.000 ,549.000 ,777.000 ,3172.000 ,7000.000 
2015/9/2,1465.990 ,0.386 ,3405.000 ,547.000 ,767.100 ,3078.500 ,7015.000 
2015/9/3,1474.980 ,0.391 ,3350.000 ,540.000 ,761.300 ,3080.500 ,7185.000 
2015/9/4,1444.530 ,0.362 ,3320.000 ,534.000 ,738.000 ,3048.000 ,7004.000 
2015/9/7,1445.650 ,0.363 ,3345.000 ,540.000 ,739.600 ,3063.500 ,7089.000 
2015/9/8,1416.710 ,0.355 ,3225.000 ,544.000 ,728.600 ,3004.500 ,7050.000 
2015/9/9,1507.370 ,0.359 ,3410.000 ,563.000 ,782.700 ,3169.000 ,7491.000 
2015/9/10,1479.520 ,0.349 ,3375.000 ,568.000 ,763.100 ,3142.000 ,7175.000 
2015/9/11,1480.230 ,0.344 ,3315.000 ,586.000 ,771.800 ,3090.000 ,7072.000 
2015/9/14,1462.410 ,0.355 ,3325.000 ,572.000 ,753.400 ,3113.500 ,7007.000 
2015/9/15,1462.240 ,0.370 ,3235.000 ,567.000 ,748.000 ,3082.500 ,7161.000 
2015/9/16,1472.600 ,0.365 ,3195.000 ,574.000 ,761.500 ,3081.500 ,7297.000 
2015/9/17,1491.910 ,0.360 ,3240.000 ,572.000 ,768.300 ,3119.000 ,7338.000 
2015/9/18,1462.380 ,0.331 ,3005.000 ,559.000 ,744.000 ,3103.500 ,7234.000 
2015/9/24,1426.970 ,0.328 ,2854.000 ,552.000 ,723.300 ,2874.000 ,7100.000 
2015/9/25,1453.810 ,0.323 ,2912.000 ,555.000 ,751.700 ,3005.500 ,7195.000 
2015/9/28,1438.670 ,0.348 ,2939.000 ,554.000 ,742.000 ,2962.500 ,7049.000 
2015/9/29,1375.520 ,0.334 ,2767.000 ,526.000 ,699.500 ,2887.500 ,6719.000 
2015/9/30,1411.160 ,0.348 ,2838.000 ,535.000 ,716.400 ,2889.000 ,6971.000 
2015/10/1,1442.740 ,0.329 ,2924.000 ,542.000 ,741.900 ,2867.500 ,7151.000 
2015/10/2,1444.920 ,0.319 ,2858.000 ,532.000 ,747.700 ,2828.500 ,7257.000 
2015/10/5,1463.920 ,0.316 ,2966.000 ,544.000 ,748.200 ,2811.000 ,7246.000 
2015/10/6,1475.840 ,0.325 ,3015.000 ,547.000 ,760.500 ,2838.000 ,7218.000 
2015/10/7,1493.170 ,0.330 ,2968.000 ,568.000 ,773.200 ,2874.500 ,7351.000 
2015/10/8,1481.400 ,0.331 ,3070.000 ,575.000 ,768.800 ,2880.500 ,7349.000 
2015/10/9,1515.130 ,0.326 ,3135.000 ,580.000 ,778.100 ,2981.500 ,7500.000 
2015/10/13,1503.130 ,0.322 ,3140.000 ,587.000 ,759.700 ,2960.500 ,7316.000 
2015/10/14,1470.830 ,0.313 ,3095.000 ,567.000 ,732.800 ,2932.000 ,7188.000 
2015/10/15,1490.720 ,0.323 ,3140.000 ,573.000 ,741.700 ,2984.000 ,7251.000 
2015/10/16,1505.840 ,0.323 ,3155.000 ,598.000 ,755.000 ,3009.500 ,7400.000 
2015/10/19,1494.750 ,0.329 ,3190.000 ,588.000 ,743.100 ,2986.000 ,7356.000 
2015/10/20,1499.280 ,0.319 ,3210.000 ,595.000 ,757.200 ,2991.000 ,7320.000 
2015/10/21,1526.810 ,0.324 ,3270.000 ,589.000 ,769.500 ,3029.000 ,7467.000 
2015/10/22,1518.220 ,0.314 ,3205.000 ,589.000 ,768.300 ,3022.000 ,7428.000 
2015/10/23,1547.840 ,0.309 ,3285.000 ,596.000 ,785.900 ,3077.000 ,7522.000 
2015/10/26,1558.990 ,0.320 ,3335.000 ,602.000 ,789.800 ,3086.500 ,7560.000 
2015/10/27,1543.110 ,0.309 ,3310.000 ,596.000 ,779.300 ,3081.500 ,7522.000 
2015/10/28,1547.190 ,0.300 ,3320.000 ,590.000 ,783.300 ,3063.000 ,7550.000 
2015/10/29,1547.110 ,0.300 ,3320.000 ,590.000 ,780.900 ,3082.000 ,7457.000 
2015/10/30,1558.200 ,0.306 ,3365.000 ,614.000 ,790.600 ,3008.000 ,7469.000 
2015/11/2,1526.970 ,0.316 ,3240.000 ,574.000 ,765.400 ,2910.500 ,7387.000 
2015/11/4,1540.430 ,0.322 ,3250.000 ,576.000 ,777.400 ,2921.500 ,7456.000 
2015/11/5,1555.100 ,0.321 ,3275.000 ,579.000 ,783.600 ,2950.500 ,7495.000 
2015/11/6,1563.590 ,0.327 ,3320.000 ,574.000 ,788.600 ,2980.500 ,7502.000 
2015/11/9,1590.970 ,0.343 ,2710.000 ,583.000 ,822.200 ,2984.500 ,7625.000 
2015/11/10,1589.480 ,0.323 ,2818.000 ,571.000 ,829.000 ,2960.500 ,7629.000 
2015/11/11,1595.320 ,0.328 ,2791.000 ,561.000 ,828.400 ,2924.500 ,7598.000 
2015/11/12,1593.570 ,0.319 ,2774.000 ,565.000 ,816.800 ,2947.500 ,7588.000 
2015/11/13,1585.830 ,0.314 ,2789.000 ,561.000 ,829.100 ,2878.000 ,7525.000 
2015/11/16,1571.530 ,0.314 ,2790.000 ,554.000 ,818.900 ,2870.000 ,7411.000 
2015/11/17,1586.110 ,0.309 ,2739.000 ,553.000 ,826.000 ,2902.500 ,7545.000 
2015/11/18,1586.530 ,0.309 ,2766.000 ,562.000 ,827.000 ,2918.000 ,7599.000 
2015/11/19,1600.380 ,0.309 ,2804.000 ,582.000 ,835.300 ,2924.000 ,7620.000 
2015/11/20,1603.180 ,0.325 ,2832.000 ,593.000 ,829.300 ,2942.500 ,7583.000 
2015/11/24,1605.940 ,0.330 ,2835.000 ,607.000 ,821.800 ,2950.000 ,7636.000 
2015/11/25,1594.670 ,0.314 ,2854.000 ,596.000 ,804.800 ,2959.500 ,7600.000 
2015/11/26,1602.320 ,0.310 ,2860.000 ,614.000 ,810.300 ,2977.500 ,7687.000 
2015/11/27,1594.450 ,0.316 ,2829.000 ,611.000 ,803.500 ,2956.000 ,7670.000 
2015/11/30,1580.250 ,0.317 ,2812.000 ,600.000 ,790.000 ,2940.500 ,7657.000 
2015/12/1,1601.950 ,0.315 ,2856.000 ,613.000 ,804.700 ,3065.000 ,7762.000 
2015/12/2,1602.260 ,0.315 ,2794.000 ,612.000 ,808.600 ,3055.000 ,7820.000 
2015/12/3,1602.940 ,0.311 ,2783.000 ,614.000 ,813.500 ,3046.500 ,7827.000 
2015/12/4,1574.020 ,0.323 ,2700.000 ,607.000 ,803.600 ,3034.500 ,7692.000 
2015/12/7,1585.210 ,0.323 ,2716.000 ,623.000 ,803.600 ,3011.000 ,7704.000 
2015/12/8,1568.730 ,0.309 ,2702.000 ,613.000 ,796.000 ,2983.500 ,7601.000 
2015/12/9,1555.580 ,0.303 ,2700.000 ,612.000 ,786.400 ,2948.500 ,7654.000 
2015/12/10,1540.350 ,0.303 ,2674.000 ,598.000 ,779.500 ,2930.000 ,7601.000 
2015/12/11,1549.510 ,0.308 ,2615.000 ,605.000 ,775.900 ,2939.000 ,7685.000 
2015/12/14,1527.880 ,0.295 ,2566.000 ,604.000 ,762.200 ,2874.500 ,7463.000 
2015/12/15,1502.550 ,0.290 ,2510.000 ,593.000 ,743.000 ,2840.000 ,7324.000 
2015/12/16,1540.720 ,0.295 ,2588.000 ,593.000 ,770.400 ,2837.000 ,7612.000 
2015/12/17,1564.710 ,0.295 ,2631.000 ,586.000 ,776.400 ,2839.500 ,7703.000 
2015/12/18,1537.100 ,0.265 ,2527.000 ,581.000 ,758.200 ,2773.500 ,7658.000 
2015/12/21,1531.280 ,0.271 ,2509.000 ,573.000 ,748.800 ,2742.500 ,7579.000 
2015/12/22,1533.600 ,0.271 ,2551.000 ,570.000 ,756.400 ,2756.000 ,7635.000 
2015/12/24,1523.620 ,0.276 ,2505.000 ,562.000 ,754.800 ,2779.000 ,7540.000 
2015/12/25,1516.190 ,0.277 ,2483.000 ,549.000 ,742.100 ,2727.500 ,7483.000 
2015/12/28,1529.220 ,0.267 ,2480.000 ,570.000 ,751.200 ,2768.000 ,7484.000 
2015/12/29,1543.390 ,0.267 ,2509.000 ,578.000 ,759.700 ,2799.500 ,7454.000 
2015/12/30,1547.300 ,0.267 ,2524.000 ,576.000 ,757.100 ,2854.000 ,7488.000 
